District,State,Confirmed,Recovered,Deaths,Active,Delta_Confirmed,Delta_Recovered,Delta_Deaths,Last_Updated_Time,
Nicobars,Andaman and Nicobar Islands,0,0,0,0,0,0,13,,
North and Middle Andaman,Andaman and Nicobar Islands,1,0,0,1,0,0,0,,
South Andaman,Andaman and Nicobar Islands,2,0,0,2,0,0,-13,,
Anantapur,Andhra Pradesh,3,0,0,3,0,0,-26,,
Chittoor,Andhra Pradesh,4,0,0,4,0,0,-39,,
East Godavari,Andhra Pradesh,5,0,0,5,0,0,-52,,
Guntur,Andhra Pradesh,6,0,0,6,0,0,-65,,
Krishna,Andhra Pradesh,7,0,0,7,0,0,-78,,
Kurnool,Andhra Pradesh,8,0,0,8,0,0,-91,,
Prakasam,Andhra Pradesh,9,0,0,9,0,0,-104,,
S.P.S. Nellore,Andhra Pradesh,10,0,0,10,0,0,-117,,
Srikakulam,Andhra Pradesh,11,0,0,11,0,0,-130,,
Visakhapatnam,Andhra Pradesh,12,0,0,12,0,0,-143,,
Vizianagaram,Andhra Pradesh,13,0,0,13,0,0,-156,,
West Godavari,Andhra Pradesh,14,0,0,14,0,0,-169,,
Y.S.R.,Andhra Pradesh,15,0,0,15,0,0,-182,,
Anjaw,Arunachal Pradesh,16,0,0,16,0,0,-195,,
Changlang,Arunachal Pradesh,17,0,0,17,0,0,-208,,
East Kameng,Arunachal Pradesh,18,0,0,18,0,0,-221,,
East Siang,Arunachal Pradesh,19,0,0,19,0,0,-234,,
Kamle,Arunachal Pradesh,20,0,0,20,0,0,-247,,
Kra Daadi,Arunachal Pradesh,21,0,0,21,0,0,-260,,
Kurung Kumey,Arunachal Pradesh,22,0,0,22,0,0,-273,,
Lepa Rada,Arunachal Pradesh,23,0,0,23,0,0,-286,,
Lohit,Arunachal Pradesh,24,0,0,24,0,0,-299,,
Longding,Arunachal Pradesh,25,0,0,25,0,0,-312,,
Lower Dibang Valley,Arunachal Pradesh,26,0,0,26,0,0,-325,,
Lower Siang,Arunachal Pradesh,27,0,0,27,0,0,-338,,
Lower Subansiri,Arunachal Pradesh,28,0,0,28,0,0,-351,,
Namsai,Arunachal Pradesh,29,0,0,29,0,0,-364,,
Pakke Kessang,Arunachal Pradesh,30,0,0,30,0,0,-377,,
Papum Pare,Arunachal Pradesh,31,0,0,31,0,0,-390,,
Shi Yomi,Arunachal Pradesh,32,0,0,32,0,0,-403,,
Siang,Arunachal Pradesh,33,0,0,33,0,0,-416,,
Tawang,Arunachal Pradesh,34,0,0,34,0,0,-429,,
Tirap,Arunachal Pradesh,35,0,0,35,0,0,-442,,
Upper Dibang Valley,Arunachal Pradesh,36,0,0,36,0,0,-455,,
Upper Siang,Arunachal Pradesh,37,0,0,37,0,0,-468,,
Upper Subansiri,Arunachal Pradesh,38,0,0,38,0,0,-481,,
West Kameng,Arunachal Pradesh,39,0,0,39,0,0,-494,,
West Siang,Arunachal Pradesh,40,0,0,40,0,0,-507,,
Baksa,Assam,41,0,0,41,0,0,-520,,
Barpeta,Assam,42,0,0,42,0,0,-533,,
Biswanath,Assam,43,0,0,43,0,0,-546,,
Bongaigaon,Assam,44,0,0,44,0,0,-559,,
Cachar,Assam,45,0,0,45,0,0,-572,,
Charaideo,Assam,46,0,0,46,0,0,-585,,
Chirang,Assam,47,0,0,47,0,0,-598,,
Darrang,Assam,48,0,0,48,0,0,-611,,
Dhemaji,Assam,49,0,0,49,0,0,-624,,
Dhubri,Assam,50,0,0,50,0,0,-637,,
Dibrugarh,Assam,51,0,0,51,0,0,-650,,
Dima Hasao,Assam,52,0,0,52,0,0,-663,,
Goalpara,Assam,53,0,0,53,0,0,-676,,
Golaghat,Assam,54,0,0,54,0,0,-689,,
Hailakandi,Assam,55,0,0,55,0,0,-702,,
Hojai,Assam,56,0,0,56,0,0,-715,,
Jorhat,Assam,57,0,0,57,0,0,-728,,
Kamrup,Assam,58,0,0,58,0,0,-741,,
Kamrup Metropolitan,Assam,59,0,0,59,0,0,-754,,
Karbi Anglong,Assam,60,0,0,60,0,0,-767,,
Karimganj,Assam,61,0,0,61,0,0,-780,,
Kokrajhar,Assam,62,0,0,62,0,0,-793,,
Lakhimpur,Assam,63,0,0,63,0,0,-806,,
Majuli,Assam,64,0,0,64,0,0,-819,,
Morigaon,Assam,65,0,0,65,0,0,-832,,
Nagaon,Assam,66,0,0,66,0,0,-845,,
Nalbari,Assam,67,0,0,67,0,0,-858,,
Sivasagar,Assam,68,0,0,68,0,0,-871,,
Sonitpur,Assam,69,0,0,69,0,0,-884,,
South Salmara Mancachar,Assam,70,0,0,70,0,0,-897,,
Tinsukia,Assam,71,0,0,71,0,0,-910,,
Udalguri,Assam,72,0,0,72,0,0,-923,,
West Karbi Anglong,Assam,73,0,0,73,0,0,-936,,
Araria,Bihar,74,0,0,74,0,0,-949,,
Arwal,Bihar,75,0,0,75,0,0,-962,,
Aurangabad,Bihar,76,0,0,76,0,0,-975,,
Banka,Bihar,77,0,0,77,0,0,-988,,
Begusarai,Bihar,78,0,0,78,0,0,-1001,,
Bhagalpur,Bihar,79,0,0,79,0,0,-1014,,
Bhojpur,Bihar,80,0,0,80,0,0,-1027,,
Buxar,Bihar,81,0,0,81,0,0,-1040,,
Darbhanga,Bihar,82,0,0,82,0,0,-1053,,
Gaya,Bihar,83,0,0,83,0,0,-1066,,
Gopalganj,Bihar,84,0,0,84,0,0,-1079,,
Jamui,Bihar,85,0,0,85,0,0,-1092,,
Jehanabad,Bihar,86,0,0,86,0,0,-1105,,
Kaimur Bhabua,Bihar,87,0,0,87,0,0,-1118,,
Katihar,Bihar,88,0,0,88,0,0,-1131,,
Khagaria,Bihar,89,0,0,89,0,0,-1144,,
Kishanganj,Bihar,90,0,0,90,0,0,-1157,,
Lakhisarai,Bihar,91,0,0,91,0,0,-1170,,
Madhepura,Bihar,92,0,0,92,0,0,-1183,,
Madhubani,Bihar,93,0,0,93,0,0,-1196,,
Munger,Bihar,94,0,0,94,0,0,-1209,,
Muzaffarpur,Bihar,95,0,0,95,0,0,-1222,,
Nalanda,Bihar,96,0,0,96,0,0,-1235,,
Nawada,Bihar,97,0,0,97,0,0,-1248,,
West Champaran,Bihar,98,0,0,98,0,0,-1261,,
Patna,Bihar,99,0,0,99,0,0,-1274,,
East Champaran,Bihar,100,0,0,100,0,0,-1287,,
Purnia,Bihar,101,0,0,101,0,0,-1300,,
Rohtas,Bihar,102,0,0,102,0,0,-1313,,
Saharsa,Bihar,103,0,0,103,0,0,-1326,,
Samastipur,Bihar,104,0,0,104,0,0,-1339,,
Saran,Bihar,105,0,0,105,0,0,-1352,,
Sheikhpura,Bihar,106,0,0,106,0,0,-1365,,
Sheohar,Bihar,107,0,0,107,0,0,-1378,,
Sitamarhi,Bihar,108,0,0,108,0,0,-1391,,
Siwan,Bihar,109,0,0,109,0,0,-1404,,
Supaul,Bihar,110,0,0,110,0,0,-1417,,
Vaishali,Bihar,111,0,0,111,0,0,-1430,,
Chandigarh,Chandigarh,112,0,0,112,0,0,-1443,,
Balod,Chhattisgarh,113,0,0,113,0,0,-1456,,
Baloda Bazar,Chhattisgarh,114,0,0,114,0,0,-1469,,
Balrampur,Chhattisgarh,115,0,0,115,0,0,-1482,,
Bametara,Chhattisgarh,116,0,0,116,0,0,-1495,,
Bastar,Chhattisgarh,117,0,0,117,0,0,-1508,,
Bijapur,Chhattisgarh,118,0,0,118,0,0,-1521,,
Bilaspur,Chhattisgarh,119,0,0,119,0,0,-1534,,
Dakshin Bastar Dantewada,Chhattisgarh,120,0,0,120,0,0,-1547,,
Dhamtari,Chhattisgarh,121,0,0,121,0,0,-1560,,
Durg,Chhattisgarh,122,0,0,122,0,0,-1573,,
Gariaband,Chhattisgarh,123,0,0,123,0,0,-1586,,
Janjgir Champa,Chhattisgarh,124,0,0,124,0,0,-1599,,
Jashpur,Chhattisgarh,125,0,0,125,0,0,-1612,,
Kabeerdham,Chhattisgarh,126,0,0,126,0,0,-1625,,
Kondagaon,Chhattisgarh,127,0,0,127,0,0,-1638,,
Korba,Chhattisgarh,128,0,0,128,0,0,-1651,,
Koriya,Chhattisgarh,129,0,0,129,0,0,-1664,,
Mahasamund,Chhattisgarh,130,0,0,130,0,0,-1677,,
Mungeli,Chhattisgarh,131,0,0,131,0,0,-1690,,
Narayanpur,Chhattisgarh,132,0,0,132,0,0,-1703,,
Raigarh,Chhattisgarh,133,0,0,133,0,0,-1716,,
Raipur,Chhattisgarh,134,0,0,134,0,0,-1729,,
Rajnandgaon,Chhattisgarh,135,0,0,135,0,0,-1742,,
Sukma,Chhattisgarh,136,0,0,136,0,0,-1755,,
Surajpur,Chhattisgarh,137,0,0,137,0,0,-1768,,
Surguja,Chhattisgarh,138,0,0,138,0,0,-1781,,
Uttar Bastar Kanker,Chhattisgarh,139,0,0,139,0,0,-1794,,
Dadra and Nagar Haveli,Dadra and Nagar Haveli,140,0,0,140,0,0,-1807,,
Daman,Daman And Diu,141,0,0,141,0,0,-1820,,
Diu,Daman And Diu,142,0,0,142,0,0,-1833,,
Central Delhi,Delhi,143,0,0,143,0,0,-1846,,
East Delhi,Delhi,144,0,0,144,0,0,-1859,,
New Delhi,Delhi,145,0,0,145,0,0,-1872,,
North Delhi,Delhi,146,0,0,146,0,0,-1885,,
North East Delhi,Delhi,147,0,0,147,0,0,-1898,,
North West Delhi,Delhi,148,0,0,148,0,0,-1911,,
Shahdara,Delhi,149,0,0,149,0,0,-1924,,
South Delhi,Delhi,150,0,0,150,0,0,-1937,,
South East Delhi,Delhi,151,0,0,151,0,0,-1950,,
South West Delhi,Delhi,152,0,0,152,0,0,-1963,,
West Delhi,Delhi,153,0,0,153,0,0,-1976,,
North Goa,Goa,154,0,0,154,0,0,-1989,,
South Goa,Goa,155,0,0,155,0,0,-2002,,
Ahmadabad,Gujarat,156,0,0,156,0,0,-2015,,
Amreli,Gujarat,157,0,0,157,0,0,-2028,,
Anand,Gujarat,158,0,0,158,0,0,-2041,,
Aravalli,Gujarat,159,0,0,159,0,0,-2054,,
Banas Kantha,Gujarat,160,0,0,160,0,0,-2067,,
Bharuch,Gujarat,161,0,0,161,0,0,-2080,,
Bhavnagar,Gujarat,162,0,0,162,0,0,-2093,,
Botad,Gujarat,163,0,0,163,0,0,-2106,,
Chota Udaipur,Gujarat,164,0,0,164,0,0,-2119,,
Devbhumi Dwarka,Gujarat,165,0,0,165,0,0,-2132,,
Dohad,Gujarat,166,0,0,166,0,0,-2145,,
Gandhinagar,Gujarat,167,0,0,167,0,0,-2158,,
Gir Somnath,Gujarat,168,0,0,168,0,0,-2171,,
Jamnagar,Gujarat,169,0,0,169,0,0,-2184,,
Junagadh,Gujarat,170,0,0,170,0,0,-2197,,
Kachchh,Gujarat,171,0,0,171,0,0,-2210,,
Kheda,Gujarat,172,0,0,172,0,0,-2223,,
Mahesana,Gujarat,173,0,0,173,0,0,-2236,,
Mahisagar,Gujarat,174,0,0,174,0,0,-2249,,
Morbi,Gujarat,175,0,0,175,0,0,-2262,,
Narmada,Gujarat,176,0,0,176,0,0,-2275,,
Navsari,Gujarat,177,0,0,177,0,0,-2288,,
Panch Mahals,Gujarat,178,0,0,178,0,0,-2301,,
Patan,Gujarat,179,0,0,179,0,0,-2314,,
Porbandar,Gujarat,180,0,0,180,0,0,-2327,,
Rajkot,Gujarat,181,0,0,181,0,0,-2340,,
Sabar Kantha,Gujarat,182,0,0,182,0,0,-2353,,
Surat,Gujarat,183,0,0,183,0,0,-2366,,
Surendranagar,Gujarat,184,0,0,184,0,0,-2379,,
Tapi,Gujarat,185,0,0,185,0,0,-2392,,
The Dangs,Gujarat,186,0,0,186,0,0,-2405,,
Vadodara,Gujarat,187,0,0,187,0,0,-2418,,
Valsad,Gujarat,188,0,0,188,0,0,-2431,,
Ambala,Haryana,189,0,0,189,0,0,-2444,,
Bhiwani,Haryana,190,0,0,190,0,0,-2457,,
Charki Dadri,Haryana,191,0,0,191,0,0,-2470,,
Faridabad,Haryana,192,0,0,192,0,0,-2483,,
Fatehabad,Haryana,193,0,0,193,0,0,-2496,,
Gurugram,Haryana,194,0,0,194,0,0,-2509,,
Hisar,Haryana,195,0,0,195,0,0,-2522,,
Jhajjar,Haryana,196,0,0,196,0,0,-2535,,
Jind,Haryana,197,0,0,197,0,0,-2548,,
Kaithal,Haryana,198,0,0,198,0,0,-2561,,
Karnal,Haryana,199,0,0,199,0,0,-2574,,
Kurukshetra,Haryana,200,0,0,200,0,0,-2587,,
Mahendragarh,Haryana,201,0,0,201,0,0,-2600,,
Nuh,Haryana,202,0,0,202,0,0,-2613,,
Palwal,Haryana,203,0,0,203,0,0,-2626,,
Panchkula,Haryana,204,0,0,204,0,0,-2639,,
Panipat,Haryana,205,0,0,205,0,0,-2652,,
Rewari,Haryana,206,0,0,206,0,0,-2665,,
Rohtak,Haryana,207,0,0,207,0,0,-2678,,
Sirsa,Haryana,208,0,0,208,0,0,-2691,,
Sonipat,Haryana,209,0,0,209,0,0,-2704,,
Yamunanagar,Haryana,210,0,0,210,0,0,-2717,,
Bilaspur,Himachal Pradesh,211,0,0,211,0,0,-2730,,
Chamba,Himachal Pradesh,212,0,0,212,0,0,-2743,,
Hamirpur,Himachal Pradesh,213,0,0,213,0,0,-2756,,
Kangra,Himachal Pradesh,214,0,0,214,0,0,-2769,,
Kinnaur,Himachal Pradesh,215,0,0,215,0,0,-2782,,
Kullu,Himachal Pradesh,216,0,0,216,0,0,-2795,,
Lahul and Spiti,Himachal Pradesh,217,0,0,217,0,0,-2808,,
Mandi,Himachal Pradesh,218,0,0,218,0,0,-2821,,
Shimla,Himachal Pradesh,219,0,0,219,0,0,-2834,,
Sirmaur,Himachal Pradesh,220,0,0,220,0,0,-2847,,
Solan,Himachal Pradesh,221,0,0,221,0,0,-2860,,
Una,Himachal Pradesh,222,0,0,222,0,0,-2873,,
Anantnag,Jammu and Kashmir,223,0,0,223,0,0,-2886,,
Badgam,Jammu and Kashmir,224,0,0,224,0,0,-2899,,
Bandipore,Jammu and Kashmir,225,0,0,225,0,0,-2912,,
Baramula,Jammu and Kashmir,226,0,0,226,0,0,-2925,,
Doda,Jammu and Kashmir,227,0,0,227,0,0,-2938,,
Ganderbal,Jammu and Kashmir,228,0,0,228,0,0,-2951,,
Jammu,Jammu and Kashmir,229,0,0,229,0,0,-2964,,
Kathua,Jammu and Kashmir,230,0,0,230,0,0,-2977,,
Kishtwar,Jammu and Kashmir,231,0,0,231,0,0,-2990,,
Kulgam,Jammu and Kashmir,232,0,0,232,0,0,-3003,,
Kupwara,Jammu and Kashmir,233,0,0,233,0,0,-3016,,
Mirpur,Jammu and Kashmir,234,0,0,234,0,0,-3029,,
Muzaffarabad,Jammu and Kashmir,235,0,0,235,0,0,-3042,,
Pulwama,Jammu and Kashmir,236,0,0,236,0,0,-3055,,
Punch,Jammu and Kashmir,237,0,0,237,0,0,-3068,,
Rajouri,Jammu and Kashmir,238,0,0,238,0,0,-3081,,
Ramban,Jammu and Kashmir,239,0,0,239,0,0,-3094,,
Reasi,Jammu and Kashmir,240,0,0,240,0,0,-3107,,
Samba,Jammu and Kashmir,241,0,0,241,0,0,-3120,,
Shupiyan,Jammu and Kashmir,242,0,0,242,0,0,-3133,,
Srinagar,Jammu and Kashmir,243,0,0,243,0,0,-3146,,
Udhampur,Jammu and Kashmir,244,0,0,244,0,0,-3159,,
Bokaro,Jharkhand,245,0,0,245,0,0,-3172,,
Chatra,Jharkhand,246,0,0,246,0,0,-3185,,
Deoghar,Jharkhand,247,0,0,247,0,0,-3198,,
Dhanbad,Jharkhand,248,0,0,248,0,0,-3211,,
Dumka,Jharkhand,249,0,0,249,0,0,-3224,,
Garhwa,Jharkhand,250,0,0,250,0,0,-3237,,
Giridih,Jharkhand,251,0,0,251,0,0,-3250,,
Godda,Jharkhand,252,0,0,252,0,0,-3263,,
Gumla,Jharkhand,253,0,0,253,0,0,-3276,,
Hazaribagh,Jharkhand,254,0,0,254,0,0,-3289,,
Jamtara,Jharkhand,255,0,0,255,0,0,-3302,,
Khunti,Jharkhand,256,0,0,256,0,0,-3315,,
Kodarma,Jharkhand,257,0,0,257,0,0,-3328,,
Latehar,Jharkhand,258,0,0,258,0,0,-3341,,
Lohardaga,Jharkhand,259,0,0,259,0,0,-3354,,
Pakur,Jharkhand,260,0,0,260,0,0,-3367,,
Palamu,Jharkhand,261,0,0,261,0,0,-3380,,
Pashchimi Singhbhum,Jharkhand,262,0,0,262,0,0,-3393,,
Purbi Singhbhum,Jharkhand,263,0,0,263,0,0,-3406,,
Ramgarh,Jharkhand,264,0,0,264,0,0,-3419,,
Ranchi,Jharkhand,265,0,0,265,0,0,-3432,,
Sahibganj,Jharkhand,266,0,0,266,0,0,-3445,,
Saraikela-Kharsawan,Jharkhand,267,0,0,267,0,0,-3458,,
Simdega,Jharkhand,268,0,0,268,0,0,-3471,,
Bagalkote,Karnataka,269,0,0,269,0,0,-3484,,
Ballari,Karnataka,270,0,0,270,0,0,-3497,,
Belagavi,Karnataka,271,0,0,271,0,0,-3510,,
Bengaluru,Karnataka,272,0,0,272,0,0,-3523,,
Bengaluru Rural,Karnataka,273,0,0,273,0,0,-3536,,
Bidar,Karnataka,274,0,0,274,0,0,-3549,,
Chamarajanagara,Karnataka,275,0,0,275,0,0,-3562,,
Chikkaballapura,Karnataka,276,0,0,276,0,0,-3575,,
Chikkamagaluru,Karnataka,277,0,0,277,0,0,-3588,,
Chitradurga,Karnataka,278,0,0,278,0,0,-3601,,
Dakshina Kannada,Karnataka,279,0,0,279,0,0,-3614,,
Davanagere,Karnataka,280,0,0,280,0,0,-3627,,
Dharwad,Karnataka,281,0,0,281,0,0,-3640,,
Gadag,Karnataka,282,0,0,282,0,0,-3653,,
Hassan,Karnataka,283,0,0,283,0,0,-3666,,
Haveri,Karnataka,284,0,0,284,0,0,-3679,,
Kalaburagi,Karnataka,285,0,0,285,0,0,-3692,,
Kodagu,Karnataka,286,0,0,286,0,0,-3705,,
Kolar,Karnataka,287,0,0,287,0,0,-3718,,
Koppal,Karnataka,288,0,0,288,0,0,-3731,,
Mandya,Karnataka,289,0,0,289,0,0,-3744,,
Mysuru,Karnataka,290,0,0,290,0,0,-3757,,
Raichur,Karnataka,291,0,0,291,0,0,-3770,,
Ramanagara,Karnataka,292,0,0,292,0,0,-3783,,
Shivamogga,Karnataka,293,0,0,293,0,0,-3796,,
Tumakuru,Karnataka,294,0,0,294,0,0,-3809,,
Udupi,Karnataka,295,0,0,295,0,0,-3822,,
Uttara Kannada,Karnataka,296,0,0,296,0,0,-3835,,
Vijayapura,Karnataka,297,0,0,297,0,0,-3848,,
Yadgir,Karnataka,298,0,0,298,0,0,-3861,,
Alappuzha,Kerala,299,0,0,299,0,0,-3874,,
Ernakulam,Kerala,300,0,0,300,0,0,-3887,,
Idukki,Kerala,301,0,0,301,0,0,-3900,,
Kannur,Kerala,302,0,0,302,0,0,-3913,,
Kasaragod,Kerala,303,0,0,303,0,0,-3926,,
Kollam,Kerala,304,0,0,304,0,0,-3939,,
Kottayam,Kerala,305,0,0,305,0,0,-3952,,
Kozhikode,Kerala,306,0,0,306,0,0,-3965,,
Malappuram,Kerala,307,0,0,307,0,0,-3978,,
Palakkad,Kerala,308,0,0,308,0,0,-3991,,
Pathanamthitta,Kerala,309,0,0,309,0,0,-4004,,
Thiruvananthapuram,Kerala,310,0,0,310,0,0,-4017,,
Thrissur,Kerala,311,0,0,311,0,0,-4030,,
Wayanad,Kerala,312,0,0,312,0,0,-4043,,
Kargil,Ladakh,313,0,0,313,0,0,-4056,,
Leh,Ladakh,314,0,0,314,0,0,-4069,,
Lakshadweep,Lakshadweep,315,0,0,315,0,0,-4082,,
Agar Malwa,Madhya Pradesh,316,0,0,316,0,0,-4095,,
Alirajpur,Madhya Pradesh,317,0,0,317,0,0,-4108,,
Anuppur,Madhya Pradesh,318,0,0,318,0,0,-4121,,
Ashoknagar,Madhya Pradesh,319,0,0,319,0,0,-4134,,
Balaghat,Madhya Pradesh,320,0,0,320,0,0,-4147,,
Barwani,Madhya Pradesh,321,0,0,321,0,0,-4160,,
Betul,Madhya Pradesh,322,0,0,322,0,0,-4173,,
Bhind,Madhya Pradesh,323,0,0,323,0,0,-4186,,
Bhopal,Madhya Pradesh,324,0,0,324,0,0,-4199,,
Burhanpur,Madhya Pradesh,325,0,0,325,0,0,-4212,,
Chhatarpur,Madhya Pradesh,326,0,0,326,0,0,-4225,,
Chhindwara,Madhya Pradesh,327,0,0,327,0,0,-4238,,
Damoh,Madhya Pradesh,328,0,0,328,0,0,-4251,,
Datia,Madhya Pradesh,329,0,0,329,0,0,-4264,,
Dewas,Madhya Pradesh,330,0,0,330,0,0,-4277,,
Dhar,Madhya Pradesh,331,0,0,331,0,0,-4290,,
Dindori,Madhya Pradesh,332,0,0,332,0,0,-4303,,
Khandwa,Madhya Pradesh,333,0,0,333,0,0,-4316,,
Guna,Madhya Pradesh,334,0,0,334,0,0,-4329,,
Gwalior,Madhya Pradesh,335,0,0,335,0,0,-4342,,
Harda,Madhya Pradesh,336,0,0,336,0,0,-4355,,
Hoshangabad,Madhya Pradesh,337,0,0,337,0,0,-4368,,
Indore,Madhya Pradesh,338,0,0,338,0,0,-4381,,
Jabalpur,Madhya Pradesh,339,0,0,339,0,0,-4394,,
Jhabua,Madhya Pradesh,340,0,0,340,0,0,-4407,,
Katni,Madhya Pradesh,341,0,0,341,0,0,-4420,,
Mandla,Madhya Pradesh,342,0,0,342,0,0,-4433,,
Mandsaur,Madhya Pradesh,343,0,0,343,0,0,-4446,,
Morena,Madhya Pradesh,344,0,0,344,0,0,-4459,,
Narsimhapur,Madhya Pradesh,345,0,0,345,0,0,-4472,,
Neemuch,Madhya Pradesh,346,0,0,346,0,0,-4485,,
Niwari,Madhya Pradesh,347,0,0,347,0,0,-4498,,
Panna,Madhya Pradesh,348,0,0,348,0,0,-4511,,
Raisen,Madhya Pradesh,349,0,0,349,0,0,-4524,,
Rajgarh,Madhya Pradesh,350,0,0,350,0,0,-4537,,
Ratlam,Madhya Pradesh,351,0,0,351,0,0,-4550,,
Rewa,Madhya Pradesh,352,0,0,352,0,0,-4563,,
Sagar,Madhya Pradesh,353,0,0,353,0,0,-4576,,
Satna,Madhya Pradesh,354,0,0,354,0,0,-4589,,
Sehore,Madhya Pradesh,355,0,0,355,0,0,-4602,,
Seoni,Madhya Pradesh,356,0,0,356,0,0,-4615,,
Shahdol,Madhya Pradesh,357,0,0,357,0,0,-4628,,
Shajapur,Madhya Pradesh,358,0,0,358,0,0,-4641,,
Sheopur,Madhya Pradesh,359,0,0,359,0,0,-4654,,
Shivpuri,Madhya Pradesh,360,0,0,360,0,0,-4667,,
Sidhi,Madhya Pradesh,361,0,0,361,0,0,-4680,,
Singrauli,Madhya Pradesh,362,0,0,362,0,0,-4693,,
Tikamgarh,Madhya Pradesh,363,0,0,363,0,0,-4706,,
Ujjain,Madhya Pradesh,364,0,0,364,0,0,-4719,,
Umaria,Madhya Pradesh,365,0,0,365,0,0,-4732,,
Vidisha,Madhya Pradesh,366,0,0,366,0,0,-4745,,
Khargone,Madhya Pradesh,367,0,0,367,0,0,-4758,,
Ahmadnagar,Maharashtra,368,0,0,368,0,0,-4771,,
Akola,Maharashtra,369,0,0,369,0,0,-4784,,
Amravati,Maharashtra,370,0,0,370,0,0,-4797,,
Aurangabad,Maharashtra,371,0,0,371,0,0,-4810,,
Bhandara,Maharashtra,372,0,0,372,0,0,-4823,,
Bid,Maharashtra,373,0,0,373,0,0,-4836,,
Buldana,Maharashtra,374,0,0,374,0,0,-4849,,
Chandrapur,Maharashtra,375,0,0,375,0,0,-4862,,
Dhule,Maharashtra,376,0,0,376,0,0,-4875,,
Gadchiroli,Maharashtra,377,0,0,377,0,0,-4888,,
Gondiya,Maharashtra,378,0,0,378,0,0,-4901,,
Hingoli,Maharashtra,379,0,0,379,0,0,-4914,,
Jalgaon,Maharashtra,380,0,0,380,0,0,-4927,,
Jalna,Maharashtra,381,0,0,381,0,0,-4940,,
Kolhapur,Maharashtra,382,0,0,382,0,0,-4953,,
Latur,Maharashtra,383,0,0,383,0,0,-4966,,
Mumbai,Maharashtra,384,0,0,384,0,0,-4979,,
Mumbai Suburban,Maharashtra,385,0,0,385,0,0,-4992,,
Nagpur,Maharashtra,386,0,0,386,0,0,-5005,,
Nanded,Maharashtra,387,0,0,387,0,0,-5018,,
Nandurbar,Maharashtra,388,0,0,388,0,0,-5031,,
Nashik,Maharashtra,389,0,0,389,0,0,-5044,,
Osmanabad,Maharashtra,390,0,0,390,0,0,-5057,,
Palghar,Maharashtra,391,0,0,391,0,0,-5070,,
Parbhani,Maharashtra,392,0,0,392,0,0,-5083,,
Pune,Maharashtra,393,0,0,393,0,0,-5096,,
Raigarh,Maharashtra,394,0,0,394,0,0,-5109,,
Ratnagiri,Maharashtra,395,0,0,395,0,0,-5122,,
Sangli,Maharashtra,396,0,0,396,0,0,-5135,,
Satara,Maharashtra,397,0,0,397,0,0,-5148,,
Sindhudurg,Maharashtra,398,0,0,398,0,0,-5161,,
Solapur,Maharashtra,399,0,0,399,0,0,-5174,,
Thane,Maharashtra,400,0,0,400,0,0,-5187,,
Wardha,Maharashtra,401,0,0,401,0,0,-5200,,
Washim,Maharashtra,402,0,0,402,0,0,-5213,,
Yavatmal,Maharashtra,403,0,0,403,0,0,-5226,,
Bishnupur,Manipur,404,0,0,404,0,0,-5239,,
Chandel,Manipur,405,0,0,405,0,0,-5252,,
Churachandpur,Manipur,406,0,0,406,0,0,-5265,,
Imphal East,Manipur,407,0,0,407,0,0,-5278,,
Imphal West,Manipur,408,0,0,408,0,0,-5291,,
Jiribam,Manipur,409,0,0,409,0,0,-5304,,
Kakching,Manipur,410,0,0,410,0,0,-5317,,
Kamjong,Manipur,411,0,0,411,0,0,-5330,,
Kangpokpi,Manipur,412,0,0,412,0,0,-5343,,
Noney,Manipur,413,0,0,413,0,0,-5356,,
Pherzawl,Manipur,414,0,0,414,0,0,-5369,,
Senapati,Manipur,415,0,0,415,0,0,-5382,,
Tamenglong,Manipur,416,0,0,416,0,0,-5395,,
Tengnoupal,Manipur,417,0,0,417,0,0,-5408,,
Thoubal,Manipur,418,0,0,418,0,0,-5421,,
Ukhrul,Manipur,419,0,0,419,0,0,-5434,,
East Garo Hills,Meghalaya,420,0,0,420,0,0,-5447,,
East Jaintia Hills,Meghalaya,421,0,0,421,0,0,-5460,,
East Khasi Hills,Meghalaya,422,0,0,422,0,0,-5473,,
North Garo Hills,Meghalaya,423,0,0,423,0,0,-5486,,
Ribhoi,Meghalaya,424,0,0,424,0,0,-5499,,
South Garo Hills,Meghalaya,425,0,0,425,0,0,-5512,,
South West Garo Hills,Meghalaya,426,0,0,426,0,0,-5525,,
South West Khasi Hills,Meghalaya,427,0,0,427,0,0,-5538,,
West Garo Hills,Meghalaya,428,0,0,428,0,0,-5551,,
West Jaintia Hills,Meghalaya,429,0,0,429,0,0,-5564,,
West Khasi Hills,Meghalaya,430,0,0,430,0,0,-5577,,
Aizawl,Mizoram,431,0,0,431,0,0,-5590,,
Champhai,Mizoram,432,0,0,432,0,0,-5603,,
Kolasib,Mizoram,433,0,0,433,0,0,-5616,,
Lawngtlai,Mizoram,434,0,0,434,0,0,-5629,,
Lunglei,Mizoram,435,0,0,435,0,0,-5642,,
Mamit,Mizoram,436,0,0,436,0,0,-5655,,
Saiha,Mizoram,437,0,0,437,0,0,-5668,,
Serchhip,Mizoram,438,0,0,438,0,0,-5681,,
Dimapur,Mizoram,439,0,0,439,0,0,-5694,,
Kiphire,Mizoram,440,0,0,440,0,0,-5707,,
Kohima,Mizoram,441,0,0,441,0,0,-5720,,
Longleng,Nagaland,442,0,0,442,0,0,-5733,,
Mokokchung,Nagaland,443,0,0,443,0,0,-5746,,
Mon,Nagaland,444,0,0,444,0,0,-5759,,
Peren,Nagaland,445,0,0,445,0,0,-5772,,
Phek,Nagaland,446,0,0,446,0,0,-5785,,
Tuensang,Nagaland,447,0,0,447,0,0,-5798,,
Wokha,Nagaland,448,0,0,448,0,0,-5811,,
Zunheboto,Nagaland,449,0,0,449,0,0,-5824,,
Anugul,Nagaland,450,0,0,450,0,0,-5837,,
Balangir,Nagaland,451,0,0,451,0,0,-5850,,
Baleshwar,Nagaland,452,0,0,452,0,0,-5863,,
Bargarh,Odisha,453,0,0,453,0,0,-5876,,
Baudh,Odisha,454,0,0,454,0,0,-5889,,
Bhadrak,Odisha,455,0,0,455,0,0,-5902,,
Cuttack,Odisha,456,0,0,456,0,0,-5915,,
Debagarh,Odisha,457,0,0,457,0,0,-5928,,
Dhenkanal,Odisha,458,0,0,458,0,0,-5941,,
Gajapati,Odisha,459,0,0,459,0,0,-5954,,
Ganjam,Odisha,460,0,0,460,0,0,-5967,,
Jagatsinghapur,Odisha,461,0,0,461,0,0,-5980,,
Jajapur,Odisha,462,0,0,462,0,0,-5993,,
Jharsuguda,Odisha,463,0,0,463,0,0,-6006,,
Kalahandi,Odisha,464,0,0,464,0,0,-6019,,
Kandhamal,Odisha,465,0,0,465,0,0,-6032,,
Kendrapara,Odisha,466,0,0,466,0,0,-6045,,
Kendujhar,Odisha,467,0,0,467,0,0,-6058,,
Khordha,Odisha,468,0,0,468,0,0,-6071,,
Koraput,Odisha,469,0,0,469,0,0,-6084,,
Malkangiri,Odisha,470,0,0,470,0,0,-6097,,
Mayurbhanj,Odisha,471,0,0,471,0,0,-6110,,
Nabarangapur,Odisha,472,0,0,472,0,0,-6123,,
Nayagarh,Odisha,473,0,0,473,0,0,-6136,,
Nuapada,Odisha,474,0,0,474,0,0,-6149,,
Puri,Odisha,475,0,0,475,0,0,-6162,,
Rayagada,Odisha,476,0,0,476,0,0,-6175,,
Sambalpur,Odisha,477,0,0,477,0,0,-6188,,
Subarnapur,Odisha,478,0,0,478,0,0,-6201,,
Sundargarh,Odisha,479,0,0,479,0,0,-6214,,
Karaikal,Odisha,480,0,0,480,0,0,-6227,,
Mahe,Odisha,481,0,0,481,0,0,-6240,,
Puducherry,Odisha,482,0,0,482,0,0,-6253,,
Yanam,Puducherry,483,0,0,483,0,0,-6266,,
Amritsar,Puducherry,484,0,0,484,0,0,-6279,,
Barnala,Puducherry,485,0,0,485,0,0,-6292,,
Bathinda,Puducherry,486,0,0,486,0,0,-6305,,
Faridkot,Punjab,487,0,0,487,0,0,-6318,,
Fatehgarh Sahib,Punjab,488,0,0,488,0,0,-6331,,
Fazilka,Punjab,489,0,0,489,0,0,-6344,,
Firozpur,Punjab,490,0,0,490,0,0,-6357,,
Gurdaspur,Punjab,491,0,0,491,0,0,-6370,,
Hoshiarpur,Punjab,492,0,0,492,0,0,-6383,,
Jalandhar,Punjab,493,0,0,493,0,0,-6396,,
Kapurthala,Punjab,494,0,0,494,0,0,-6409,,
Ludhiana,Punjab,495,0,0,495,0,0,-6422,,
Mansa,Punjab,496,0,0,496,0,0,-6435,,
Moga,Punjab,497,0,0,497,0,0,-6448,,
Pathankot,Punjab,498,0,0,498,0,0,-6461,,
Patiala,Punjab,499,0,0,499,0,0,-6474,,
Rupnagar,Punjab,500,0,0,500,0,0,-6487,,
S.A.S. Nagar,Punjab,501,0,0,501,0,0,-6500,,
Sangrur,Punjab,502,0,0,502,0,0,-6513,,
Shahid Bhagat Singh Nagar,Punjab,503,0,0,503,0,0,-6526,,
Sri Muktsar Sahib,Punjab,504,0,0,504,0,0,-6539,,
Tarn Taran,Punjab,505,0,0,505,0,0,-6552,,
Ajmer,Punjab,506,0,0,506,0,0,-6565,,
Alwar,Punjab,507,0,0,507,0,0,-6578,,
Banswara,Punjab,508,0,0,508,0,0,-6591,,
Baran,Rajasthan,509,0,0,509,0,0,-6604,,
Barmer,Rajasthan,510,0,0,510,0,0,-6617,,
Bharatpur,Rajasthan,511,0,0,511,0,0,-6630,,
Bhilwara,Rajasthan,512,0,0,512,0,0,-6643,,
Bikaner,Rajasthan,513,0,0,513,0,0,-6656,,
Bundi,Rajasthan,514,0,0,514,0,0,-6669,,
Chittaurgarh,Rajasthan,515,0,0,515,0,0,-6682,,
Churu,Rajasthan,516,0,0,516,0,0,-6695,,
Dausa,Rajasthan,517,0,0,517,0,0,-6708,,
Dhaulpur,Rajasthan,518,0,0,518,0,0,-6721,,
Dungarpur,Rajasthan,519,0,0,519,0,0,-6734,,
Ganganagar,Rajasthan,520,0,0,520,0,0,-6747,,
Hanumangarh,Rajasthan,521,0,0,521,0,0,-6760,,
Jaipur,Rajasthan,522,0,0,522,0,0,-6773,,
Jaisalmer,Rajasthan,523,0,0,523,0,0,-6786,,
Jalore,Rajasthan,524,0,0,524,0,0,-6799,,
Jhalawar,Rajasthan,525,0,0,525,0,0,-6812,,
Jhunjhunu,Rajasthan,526,0,0,526,0,0,-6825,,
Jodhpur,Rajasthan,527,0,0,527,0,0,-6838,,
Karauli,Rajasthan,528,0,0,528,0,0,-6851,,
Kota,Rajasthan,529,0,0,529,0,0,-6864,,
Nagaur,Rajasthan,530,0,0,530,0,0,-6877,,
Pali,Rajasthan,531,0,0,531,0,0,-6890,,
Pratapgarh,Rajasthan,532,0,0,532,0,0,-6903,,
Rajsamand,Rajasthan,533,0,0,533,0,0,-6916,,
Sawai Madhopur,Rajasthan,534,0,0,534,0,0,-6929,,
Sikar,Rajasthan,535,0,0,535,0,0,-6942,,
Sirohi,Rajasthan,536,0,0,536,0,0,-6955,,
Tonk,Rajasthan,537,0,0,537,0,0,-6968,,
Udaipur,Rajasthan,538,0,0,538,0,0,-6981,,
East District,Rajasthan,539,0,0,539,0,0,-6994,,
North District,Rajasthan,540,0,0,540,0,0,-7007,,
South District,Rajasthan,541,0,0,541,0,0,-7020,,
West District,Sikkim,542,0,0,542,0,0,-7033,,
Ariyalur,Sikkim,543,0,0,543,0,0,-7046,,
Chennai,Sikkim,544,0,0,544,0,0,-7059,,
Coimbatore,Sikkim,545,0,0,545,0,0,-7072,,
Cuddalore,Tamil Nadu,546,0,0,546,0,0,-7085,,
Dharmapuri,Tamil Nadu,547,0,0,547,0,0,-7098,,
Dindigul,Tamil Nadu,548,0,0,548,0,0,-7111,,
Erode,Tamil Nadu,549,0,0,549,0,0,-7124,,
Kancheepuram,Tamil Nadu,550,0,0,550,0,0,-7137,,
Kanniyakumari,Tamil Nadu,551,0,0,551,0,0,-7150,,
Karur,Tamil Nadu,552,0,0,552,0,0,-7163,,
Krishnagiri,Tamil Nadu,553,0,0,553,0,0,-7176,,
Madurai,Tamil Nadu,554,0,0,554,0,0,-7189,,
Nagapattinam,Tamil Nadu,555,0,0,555,0,0,-7202,,
Namakkal,Tamil Nadu,556,0,0,556,0,0,-7215,,
Perambalur,Tamil Nadu,557,0,0,557,0,0,-7228,,
Pudukkottai,Tamil Nadu,558,0,0,558,0,0,-7241,,
Ramanathapuram,Tamil Nadu,559,0,0,559,0,0,-7254,,
Salem,Tamil Nadu,560,0,0,560,0,0,-7267,,
Sivaganga,Tamil Nadu,561,0,0,561,0,0,-7280,,
Thanjavur,Tamil Nadu,562,0,0,562,0,0,-7293,,
The Nilgiris,Tamil Nadu,563,0,0,563,0,0,-7306,,
Theni,Tamil Nadu,564,0,0,564,0,0,-7319,,
Thiruvallur,Tamil Nadu,565,0,0,565,0,0,-7332,,
Thiruvarur,Tamil Nadu,566,0,0,566,0,0,-7345,,
Thoothukkudi,Tamil Nadu,567,0,0,567,0,0,-7358,,
Tiruchirappalli,Tamil Nadu,568,0,0,568,0,0,-7371,,
Tirunelveli,Tamil Nadu,569,0,0,569,0,0,-7384,,
Tiruppur,Tamil Nadu,570,0,0,570,0,0,-7397,,
Tiruvannamalai,Tamil Nadu,571,0,0,571,0,0,-7410,,
Vellore,Tamil Nadu,572,0,0,572,0,0,-7423,,
Viluppuram,Tamil Nadu,573,0,0,573,0,0,-7436,,
Virudhunagar,Tamil Nadu,574,0,0,574,0,0,-7449,,
Adilabad,Tamil Nadu,575,0,0,575,0,0,-7462,,
Bhadradri Kothagudem,Tamil Nadu,576,0,0,576,0,0,-7475,,
Hyderabad,Tamil Nadu,577,0,0,577,0,0,-7488,,
Jagitial,Tamil Nadu,578,0,0,578,0,0,-7501,,
Jangoan,Tamil Nadu,579,0,0,579,0,0,-7514,,
Jayashankar,Tamil Nadu,580,0,0,580,0,0,-7527,,
Jogulamba Gadwal,Tamil Nadu,581,0,0,581,0,0,-7540,,
Kamareddy,Tamil Nadu,582,0,0,582,0,0,-7553,,
Karimnagar,Telangana,583,0,0,583,0,0,-7566,,
Khammam,Telangana,584,0,0,584,0,0,-7579,,
Kumuram Bheem Asifabad,Telangana,585,0,0,585,0,0,-7592,,
Mahabubabad,Telangana,586,0,0,586,0,0,-7605,,
Mahabubnagar,Telangana,587,0,0,587,0,0,-7618,,
Mancherial,Telangana,588,0,0,588,0,0,-7631,,
Medak,Telangana,589,0,0,589,0,0,-7644,,
Medchal Malkajgiri,Telangana,590,0,0,590,0,0,-7657,,
Mulugu,Telangana,591,0,0,591,0,0,-7670,,
Nagarkurnool,Telangana,592,0,0,592,0,0,-7683,,
Nalgonda,Telangana,593,0,0,593,0,0,-7696,,
Narayanpet,Telangana,594,0,0,594,0,0,-7709,,
Nirmal,Telangana,595,0,0,595,0,0,-7722,,
Nizamabad,Telangana,596,0,0,596,0,0,-7735,,
Peddapalli,Telangana,597,0,0,597,0,0,-7748,,
Rajanna Sircilla,Telangana,598,0,0,598,0,0,-7761,,
Ranga Reddy,Telangana,599,0,0,599,0,0,-7774,,
Sangareddy,Telangana,600,0,0,600,0,0,-7787,,
Siddipet,Telangana,601,0,0,601,0,0,-7800,,
Suryapet,Telangana,602,0,0,602,0,0,-7813,,
Vikarabad,Telangana,603,0,0,603,0,0,-7826,,
Wanaparthy,Telangana,604,0,0,604,0,0,-7839,,
Warangal Rural,Telangana,605,0,0,605,0,0,-7852,,
Warangal Urban,Telangana,606,0,0,606,0,0,-7865,,
Yadadri Bhuvanagiri,Telangana,607,0,0,607,0,0,-7878,,
Dhalai,Telangana,608,0,0,608,0,0,-7891,,
Gomati,Telangana,609,0,0,609,0,0,-7904,,
Khowai,Telangana,610,0,0,610,0,0,-7917,,
North Tripura,Telangana,611,0,0,611,0,0,-7930,,
Sipahijala,Telangana,612,0,0,612,0,0,-7943,,
South Tripura,Telangana,613,0,0,613,0,0,-7956,,
Unokoti,Telangana,614,0,0,614,0,0,-7969,,
West Tripura,Telangana,615,0,0,615,0,0,-7982,,
Agra,Tripura,616,0,0,616,0,0,-7995,,
Aligarh,Tripura,617,0,0,617,0,0,-8008,,
Ambedkar Nagar,Tripura,618,0,0,618,0,0,-8021,,
Amethi,Tripura,619,0,0,619,0,0,-8034,,
Amroha,Tripura,620,0,0,620,0,0,-8047,,
Auraiya,Tripura,621,0,0,621,0,0,-8060,,
Azamgarh,Tripura,622,0,0,622,0,0,-8073,,
Baghpat,Tripura,623,0,0,623,0,0,-8086,,
Bahraich,Uttar Pradesh,624,0,0,624,0,0,-8099,,
Ballia,Uttar Pradesh,625,0,0,625,0,0,-8112,,
Balrampur,Uttar Pradesh,626,0,0,626,0,0,-8125,,
Banda,Uttar Pradesh,627,0,0,627,0,0,-8138,,
Bara Banki,Uttar Pradesh,628,0,0,628,0,0,-8151,,
Bareilly,Uttar Pradesh,629,0,0,629,0,0,-8164,,
Basti,Uttar Pradesh,630,0,0,630,0,0,-8177,,
Bhadohi,Uttar Pradesh,631,0,0,631,0,0,-8190,,
Bijnor,Uttar Pradesh,632,0,0,632,0,0,-8203,,
Budaun,Uttar Pradesh,633,0,0,633,0,0,-8216,,
Bulandshahr,Uttar Pradesh,634,0,0,634,0,0,-8229,,
Chandauli,Uttar Pradesh,635,0,0,635,0,0,-8242,,
Chitrakoot,Uttar Pradesh,636,0,0,636,0,0,-8255,,
Deoria,Uttar Pradesh,637,0,0,637,0,0,-8268,,
Etah,Uttar Pradesh,638,0,0,638,0,0,-8281,,
Etawah,Uttar Pradesh,639,0,0,639,0,0,-8294,,
Faizabad,Uttar Pradesh,640,0,0,640,0,0,-8307,,
Farrukhabad,Uttar Pradesh,641,0,0,641,0,0,-8320,,
Fatehpur,Uttar Pradesh,642,0,0,642,0,0,-8333,,
Firozabad,Uttar Pradesh,643,0,0,643,0,0,-8346,,
Gautam Buddha Nagar,Uttar Pradesh,644,0,0,644,0,0,-8359,,
Ghaziabad,Uttar Pradesh,645,0,0,645,0,0,-8372,,
Ghazipur,Uttar Pradesh,646,0,0,646,0,0,-8385,,
Gonda,Uttar Pradesh,647,0,0,647,0,0,-8398,,
Gorakhpur,Uttar Pradesh,648,0,0,648,0,0,-8411,,
Hamirpur,Uttar Pradesh,649,0,0,649,0,0,-8424,,
Hapur,Uttar Pradesh,650,0,0,650,0,0,-8437,,
Hardoi,Uttar Pradesh,651,0,0,651,0,0,-8450,,
Hathras,Uttar Pradesh,652,0,0,652,0,0,-8463,,
Jalaun,Uttar Pradesh,653,0,0,653,0,0,-8476,,
Jaunpur,Uttar Pradesh,654,0,0,654,0,0,-8489,,
Jhansi,Uttar Pradesh,655,0,0,655,0,0,-8502,,
Kannauj,Uttar Pradesh,656,0,0,656,0,0,-8515,,
Kanpur Dehat,Uttar Pradesh,657,0,0,657,0,0,-8528,,
Kanpur Nagar,Uttar Pradesh,658,0,0,658,0,0,-8541,,
Kasganj,Uttar Pradesh,659,0,0,659,0,0,-8554,,
Kaushambi,Uttar Pradesh,660,0,0,660,0,0,-8567,,
Kheri,Uttar Pradesh,661,0,0,661,0,0,-8580,,
Kushinagar,Uttar Pradesh,662,0,0,662,0,0,-8593,,
Lalitpur,Uttar Pradesh,663,0,0,663,0,0,-8606,,
Lucknow,Uttar Pradesh,664,0,0,664,0,0,-8619,,
Mahoba,Uttar Pradesh,665,0,0,665,0,0,-8632,,
Mahrajganj,Uttar Pradesh,666,0,0,666,0,0,-8645,,
Mainpuri,Uttar Pradesh,667,0,0,667,0,0,-8658,,
Mathura,Uttar Pradesh,668,0,0,668,0,0,-8671,,
Mau,Uttar Pradesh,669,0,0,669,0,0,-8684,,
Meerut,Uttar Pradesh,670,0,0,670,0,0,-8697,,
Mirzapur,Uttar Pradesh,671,0,0,671,0,0,-8710,,
Moradabad,Uttar Pradesh,672,0,0,672,0,0,-8723,,
Muzaffarnagar,Uttar Pradesh,673,0,0,673,0,0,-8736,,
Pilibhit,Uttar Pradesh,674,0,0,674,0,0,-8749,,
Pratapgarh,Uttar Pradesh,675,0,0,675,0,0,-8762,,
Prayagraj,Uttar Pradesh,676,0,0,676,0,0,-8775,,
Rae Bareli,Uttar Pradesh,677,0,0,677,0,0,-8788,,
Rampur,Uttar Pradesh,678,0,0,678,0,0,-8801,,
Saharanpur,Uttar Pradesh,679,0,0,679,0,0,-8814,,
Sambhal,Uttar Pradesh,680,0,0,680,0,0,-8827,,
Sant Kabir Nagar,Uttar Pradesh,681,0,0,681,0,0,-8840,,
Shahjahanpur,Uttar Pradesh,682,0,0,682,0,0,-8853,,
Shamli,Uttar Pradesh,683,0,0,683,0,0,-8866,,
Shrawasti,Uttar Pradesh,684,0,0,684,0,0,-8879,,
Siddharthnagar,Uttar Pradesh,685,0,0,685,0,0,-8892,,
Sitapur,Uttar Pradesh,686,0,0,686,0,0,-8905,,
Sonbhadra,Uttar Pradesh,687,0,0,687,0,0,-8918,,
Sultanpur,Uttar Pradesh,688,0,0,688,0,0,-8931,,
Unnao,Uttar Pradesh,689,0,0,689,0,0,-8944,,
Varanasi,Uttar Pradesh,690,0,0,690,0,0,-8957,,
Almora,Uttar Pradesh,691,0,0,691,0,0,-8970,,
Bageshwar,Uttar Pradesh,692,0,0,692,0,0,-8983,,
Chamoli,Uttar Pradesh,693,0,0,693,0,0,-8996,,
Champawat,Uttar Pradesh,694,0,0,694,0,0,-9009,,
Dehradun,Uttar Pradesh,695,0,0,695,0,0,-9022,,
Haridwar,Uttar Pradesh,696,0,0,696,0,0,-9035,,
Nainital,Uttar Pradesh,697,0,0,697,0,0,-9048,,
Pauri Garhwal,Uttar Pradesh,698,0,0,698,0,0,-9061,,
Pithoragarh,Uttarakhand,699,0,0,699,0,0,-9074,,
Rudraprayag,Uttarakhand,700,0,0,700,0,0,-9087,,
Tehri Garhwal,Uttarakhand,701,0,0,701,0,0,-9100,,
Udham Singh Nagar,Uttarakhand,702,0,0,702,0,0,-9113,,
Uttarkashi,Uttarakhand,703,0,0,703,0,0,-9126,,
Alipurduar,Uttarakhand,704,0,0,704,0,0,-9139,,
Bankura,Uttarakhand,705,0,0,705,0,0,-9152,,
Birbhum,Uttarakhand,706,0,0,706,0,0,-9165,,
Cooch Behar,Uttarakhand,707,0,0,707,0,0,-9178,,
Dakshin Dinajpur,Uttarakhand,708,0,0,708,0,0,-9191,,
Darjeeling,Uttarakhand,709,0,0,709,0,0,-9204,,
Hooghly,Uttarakhand,710,0,0,710,0,0,-9217,,
Howrah,Uttarakhand,711,0,0,711,0,0,-9230,,
Jalpaiguri,West Bengal,712,0,0,712,0,0,-9243,,
Jhargram,West Bengal,713,0,0,713,0,0,-9256,,
Kalimpong,West Bengal,714,0,0,714,0,0,-9269,,
Kolkata,West Bengal,715,0,0,715,0,0,-9282,,
Maldah,West Bengal,716,0,0,716,0,0,-9295,,
Medinipur West,West Bengal,717,0,0,717,0,0,-9308,,
Murshidabad,West Bengal,718,0,0,718,0,0,-9321,,
Nadia,West Bengal,719,0,0,719,0,0,-9334,,
North 24 Parganas,West Bengal,720,0,0,720,0,0,-9347,,
Paschim Bardhaman,West Bengal,721,0,0,721,0,0,-9360,,
Purba Bardhaman,West Bengal,722,0,0,722,0,0,-9373,,
Medinipur East,West Bengal,723,0,0,723,0,0,-9386,,
Purulia,West Bengal,724,0,0,724,0,0,-9399,,
South 24 Parganas,West Bengal,725,0,0,725,0,0,-9412,,
Uttar Dinajpur,West Bengal,726,0,0,726,0,0,-9425,,
Published by ,,727,0,0,727,0,0,-9438,,
Google Sheets,,728,0,0,728,0,0,-9451,,
–,,729,0,0,729,0,0,-9464,,
Report Abuse,,730,0,0,730,0,0,-9477,,
"–Updated automatically every 5 minutes
",,731,0,0,731,0,0,-9490,,